{
  "version": 1,
  "author": "NUKALA SRIYASETTY 20BCI7020",
  "editor": "wokwi",
  "parts": [
    { "type": "wokwi-esp32-devkit-v1", "id": "esp", "top": 116.11, "left": 58.28, "attrs": {} },
    {
      "type": "wokwi-led",
      "id": "led1",
      "top": -60.86,
      "left": 32.62,
      "attrs": { "color": "red" }
    },
    {
      "type": "wokwi-led",
      "id": "led2",
      "top": -60.8,
      "left": 60.83,
      "attrs": { "color": "yellow" }
    },
    {
      "type": "wokwi-led",
      "id": "led3",
      "top": -60.35,
      "left": 91.03,
      "attrs": { "color": "limegreen" }
    },
    {
      "type": "wokwi-resistor",
      "id": "r1",
      "top": 11.51,
      "left": -36.9,
      "attrs": { "value": "1000" }
    },
    {
      "type": "wokwi-hc-sr04",
      "id": "ultrasonic1",
      "top": -133.72,
      "left": -276.44,
      "attrs": { "distance": "232" }
    },
    {
      "type": "wokwi-led",
      "id": "led4",
      "top": -60.99,
      "left": 276.28,
      "attrs": { "color": "red" }
    },
    {
      "type": "wokwi-led",
      "id": "led5",
      "top": -61.94,
      "left": 310.01,
      "attrs": { "color": "yellow" }
    },
    {
      "type": "wokwi-led",
      "id": "led6",
      "top": -60.99,
      "left": 350.15,
      "attrs": { "color": "limegreen" }
    },
    {
      "type": "wokwi-resistor",
      "id": "r2",
      "top": 12.88,
      "left": 205.02,
      "attrs": { "value": "1000" }
    },
    {
      "type": "wokwi-hc-sr04",
      "id": "ultrasonic2",
      "top": -138.61,
      "left": 447.15,
      "attrs": { "distance": "339" }
    },
    { "type": "wokwi-slide-switch", "id": "sw1", "top": -197.81, "left": -41.09, "attrs": {} },
    { "type": "wokwi-slide-switch", "id": "sw2", "top": -202.19, "left": 332.42, "attrs": {} }
  ],
  "connections": [
    [ "esp:TX0", "$serialMonitor:RX", "", [] ],
    [ "esp:RX0", "$serialMonitor:TX", "", [] ],
    [ "led1:C", "r1:1", "black", [ "v0.84", "h-91.66" ] ],
    [ "led2:C", "r1:1", "black", [ "v12.75", "h-111.32" ] ],
    [ "led3:C", "r1:1", "black", [ "v19.99", "h-141.52" ] ],
    [ "r1:2", "esp:GND.2", "black", [ "v0" ] ],
    [ "led1:A", "esp:D13", "green", [ "v36.68", "h-28.73", "v239.05" ] ],
    [ "led2:A", "esp:D12", "green", [ "v60.05", "h-52.84", "v207.41" ] ],
    [ "led3:A", "esp:D14", "green", [ "v79.53", "h-78.94", "v177.53" ] ],
    [ "ultrasonic1:VCC", "esp:3V3", "red", [ "v0" ] ],
    [ "ultrasonic1:GND", "esp:GND.1", "black", [ "v0" ] ],
    [ "ultrasonic1:TRIG", "esp:D15", "green", [ "v0" ] ],
    [ "ultrasonic1:ECHO", "esp:D2", "green", [ "v0" ] ],
    [ "led4:C", "r2:1", "black", [ "v-2.32", "h-84.78" ] ],
    [ "led5:C", "r2:1", "black", [ "v17.06", "h-118.51" ] ],
    [ "led6:C", "r2:1", "black", [ "v21.94", "h-158.65" ] ],
    [ "r2:2", "esp:GND.1", "black", [ "v0" ] ],
    [ "led4:A", "esp:D4", "green", [ "v0" ] ],
    [ "led5:A", "esp:D5", "green", [ "v0" ] ],
    [ "led6:A", "esp:D18", "green", [ "v0" ] ],
    [ "ultrasonic2:VCC", "esp:3V3", "red", [ "v0" ] ],
    [ "ultrasonic2:GND", "esp:GND.1", "black", [ "v0" ] ],
    [ "ultrasonic2:TRIG", "esp:D19", "green", [ "v0" ] ],
    [ "ultrasonic2:ECHO", "esp:D21", "green", [ "v0" ] ],
    [ "sw1:2", "esp:GND.2", "black", [ "v34.86", "h-40.24", "v389.56" ] ],
    [ "sw1:3", "esp:D27", "green", [ "v54.35", "h-41.9", "v335.67" ] ],
    [ "sw2:2", "esp:GND.1", "black", [ "v73.81", "h45.31", "v335.18" ] ],
    [ "sw2:3", "esp:D26", "green", [ "v64.09", "h69.55", "v324.2" ] ]
  ],
  "dependencies": {}
}